Country Code,Country Name,2014,2013,2012,2011,2010,2009,2008,2007,2006,2005,2004,2003,2002,2001,2000,1999,1998,1997,1996,1995,1994,1993,1992,1991,1990,1989,1988,1987,1986,1985,1984,1983,1982,1981,1980,1979,1978,1977,1976,1975,1974,1973,1972,1971,1970,1969,1968,1967,1966,1965,1964,1963,1962,1961,1960,1959,1958,1957,1956,1955,1954,1953,1952,1951,1950,1949,1948,1947,1946,1945,1944,1943,1942,1941,1940,1939,1938,1937,1936,1935,1934,1933,1932,1931,1930,1929,1928,1927,1926,1925,1924,1923,1922,1921,1920,1919,1918,1917,1916,1915,1914,1913,1912,1911,1910,1909,1908,1907,1906,1905,1904,1903,1902,1901,1900
AFG,AFGHANISTAN,721,155,378,83,350,101,1334,296,382,582,18,137,4083,485,594,205,7308,175,70,381,160,225,614,1427,144,,0,70,,,1,12,500,,0,,120,,101,,,,150,100,,0,,,,,,107,,,,,,,151,,2000,,,,,,,,,,,,,,,,,,,,,,,,,,,,,,,,,,,,,,,,,,,,,,,,,,,,,,
ALB,ALBANIA,,,5,,0,0,,0,,5,3,,7,,,,0,0,7,4,,,11,,,0,0,,,125,,,1,,,35,,,,,,,,,,,,11,,,,,,,,,,,,,,,,,,,,,,,,,,,,,,,,,,,,,,,,,,,,,,,,,,,,,,,,,,,,,,,,,,,
DZA,ALGERIA,,,69,10,2,48,93,90,5,34,22,2369,48,921,48,34,,5,4,,233,37,21,0,,22,0,1,,56,54,,37,43,2635,0,,,,,11,21,,,,76,,20,57,2,,0,,,57,,,,,,1250,,25,,,,,,276,,,,,,,,,,,,,,,,,,,3000,,,,,,,,,,,,,,,,,12,,,,,,,,,,
ASM,AMERICAN SAMOA,,,,,,34,,,,0,0,6,,,,,,,,,,,,,,0,,,,0,,,,,,,,,,,,,,,,,,,90,,,,,,,,,,,,,,,,,,,,,,,,,,,,,,,,,,,,,,,,,,,,,,,,,,,,,,,,,,,,,,,,,,
AGO,ANGOLA,,9,0,130,25,178,370,620,2422,0,357,15,8,154,77,188,115,0,,0,,,,,,766,,59,,0,,,,0,,,,,,,,,,,,,,,,,,,,,,,,,,,,,,,,,,,,,,,,,,,,,,,,,,,,,,,,,,,,,,,,,,,,,,,,,,,,,,,,,
AIA,ANGUILLA,,,,,,,,,,,,,,,,0,,,,,,,,,,,,,,,0,0,,,,0,,,,,,,,,,,,,,,,,,,5,,,,,0,,,,,,,,,,,,,,,,,,,,,,,,,,,,,,,,0,0,0,0,0,,,,,,,,,,,,,,,,,,,
ATG,ANTIGUA AND BARBUDA,,,,,0,,0,,,,,,,,,2,2,,,2,,,,,0,2,,,,,,0,,,,,,,,,,,,,,,,,0,,,,,,2,,,,,,,,,,2,,,,,,,,,,,,,,,,,,,,,,,,,,,,,,,,,,,,,,,,,,,,,,,,,,
ARG,ARGENTINA,24,56,25,0,42,29,0,19,0,11,10,39,11,35,37,0,19,0,,6,24,15,112,0,21,,25,1,4,43,30,0,0,,41,0,5,70,,20,100,60,100,,36,,,56,62,45,,,,,,,360,,,,,,,,,0,,,,,10000,,,,,,,,,,,,,,,,,,,,,,,,,,,,,,,,,,,,,,,,,,,,
ARM,ARMENIA,,0,,,,,,,,,1,,,,0,,0,4,,,,,,,,,,,,,,,,,,,,,,,,,,,,,,,,,,,,,,,,,,,,,,,,,,,,,,,,,,,,,,,,,,,,,,,,,,,,,,,,,,,,,,,,,,,,,,,,,
AUS,AUSTRALIA,2,9,4,1,36,535,8,11,4,20,6,6,2,6,1,8,20,21,21,9,36,18,2,0,12,25,17,,15,38,36,75,1,2,0,15,12,3,0,0,90,12,,30,13,,12,662,,,,,,,,,,,,70,,,,,,,,,,,49,,,,,71,,,,,,,,,,,,,,,,,,,,,,,,,,,,,,,,,,,,,,,
AUT,AUSTRIA,,4,5,,,3,4,5,0,4,,345,12,,13,53,0,3,0,2,0,0,,5,3,,,,,12,42,0,12,0,0,,,,0,15,,,,,,,,,,,,,,,,,,,,,210,,28,,,,,,,,,,,,,,,,,,,,,,,,,,,,,,,,,,,,,,,,,,,,,,,,,,,,
AZE,AZERBAIJAN,,,5,,3,0,,,,,,0,,,42,1,1,11,,5,,,,,,,,,,,,,,,,,,,,,,,,,,,,,,,,,,,,,,,,,,,,,,,,,,,,,,,,,,,,,,,,,,,,,,,,,,,,,,,,,,,,,,,,,,,,,,,
BHS,BAHAMAS,,0,1,0,,,0,1,,1,12,,,0,,1,,,,0,,,4,,0,,0,,,,,,,,,,,,,,,,,,,,,,5,0,,0,,,,,,,,,,,,,,,,,,22,,,,,,,,,,14,,,,,,0,,,0,,,,,,,,,,,,,,,,,,,,,,,,,,
BHR,BAHRAIN,,,,,,,,,,,,,,,,,,,,,,,,,,,,,,,,,,,,,111,,,,,,,,,,,,,,,,,,,,,,,,,,,,,,,,,,,,,,,,,,,,,,,,,,,,,,,,,,,,,,,,,,,,,,,,,,,,,,
BGD,BANGLADESH,16,50,344,102,107,348,68,5721,154,332,1034,529,928,253,222,330,1642,624,901,2014,350,684,240,142134,1041,1186,3506,3042,379,16055,2150,1430,2696,1085,666,71,1176,907,215,,31500,2327,250,163,300317,849,339,91,889,48921,300,22109,,11266,18149,,500,,,,,,,200,,,,500,,,,1900000,61000,5000,,,,0,,,,,,,,,,,0,,,6,0,,,0,393000,,,,,,,0,,172,,,,,0,,,,
BRB,BARBADOS,,,,,0,,,0,,,1,,0,,,,,,,0,,,,,,,,0,,,0,,,,0,,,,,,,,,,3,,,,,,,,,,,,,,,57,,,,,,,,,,,,,,,,,,,,,,,,,,,,,,,,,,,,,,,,,,,,,,,,,,,,,,,
BLR,BELARUS,2,4,0,,,,,0,5,,,,,,0,2,,5,0,13,,0,,,,,,,,,,,,,,,,,,,,,,,,,,,,,,,,,,,,,,,,,,,,,,,,,,,,,,,,,,,,,,,,,,,,,,,,,,,,,,,,,,,,,,,,,,,,,
BEL,BELGIUM,,0,3,5,4,1,0,2,940,2,,1175,7,,,2,1,,,6,0,0,0,,16,,,0,,0,0,2,0,,,,,,0,,,,0,0,,,,0,0,,,12,,,,,,,4,,,11,,,,,,,,0,,,,,,,,,,,,,,,60,,0,,0,,,,,,,,,,,,,,,,,,,,6,,,,,,
BLZ,BELIZE,,,,,0,,8,0,,3,,,,30,14,,9,,,0,,,,,0,,,,,,,,,,,0,5,,,,0,,,,,,,,,,,,,275,,,,,,16,,,,,,,,,,,,,,,,,,,,,,,,1500,,,,,,,,,,,,,,,,,,,,,,,,,,,,,,,
BEN,BENIN,,7,4,0,71,10,48,10,,4,,3,50,378,351,12,78,47,76,20,0,,,3,,228,0,65,,61,0,0,0,,,,2,,1,,,,0,,0,,,,,,,,,,,,,,,,,,,,,,,,,,,,,,,,,,,,,,,,,,,,,,,,,,,,,,,,,,,,,,,,,,,,,,
BMU,BERMUDA,,,,,,,,,,,,4,,,,,,,,,,,,,,0,,0,0,0,,,,,,,,,,,,,,,,,,,,,,,,,,,,,,,,,,,,,0,,,,,,,,,,,,,,,,,,,,,,,,,,,,,,,,,,,,,,,,,,,,,,,,
BTN,BHUTAN,,,,1,,23,,,,,0,,,,200,0,,,,,39,,0,,,,,,,41,,,,,,,,,,,,,,,,,,,,,,,,,,,,,,,,,,,,,,,,,,,,,,,,,,,,,,,,,,,,,,,,,,,,,,,,,,,,,,,,,,,,,
BOL,BOLIVIA,,136,13,52,59,0,27,116,25,0,0,143,96,50,36,36,160,74,40,,5,,53,329,0,67,0,25,29,0,0,250,20,,0,,40,10,,,31,,,,,18,24,,14,40,,,,,,,,,,,,,,,,,,,,,,,,,,,,,,,,,,,,,,,,,,,,,,,,,,,,,,,,,,,,,,,,,
BIH,BOSNIA-HERCEGOVENIA,,,4,,5,1,,0,,4,0,0,,0,6,0,,,,,,,,,,,,,,,,,,,,,,,,,,,,,,,,,,,,,,,,,,,,,,,,,,,,,,,,,,,,,,,,,,,,,,,,,,,,,,,,,,,,,,,,,,,,,,,,,,,
BWA,BOTSWANA,,12,,0,,0,2,,470,0,0,,,,3,,,,,20,,,0,,,,191,,0,,,,0,,,,,,,,,,0,,0,,0,,,0,,,,,,,,,,,,,,,,,,,,,,,,,,,,,,,,,,,,,,,,,,,,,,,,,,,,,,,,,,,,,,,,,
BRA,BRAZIL,24,121,0,978,395,203,326,70,20,49,39,255,161,98,115,35,27,93,186,240,0,,137,240,24,303,732,107,29,123,573,176,33,97,82,300,26,72,,244,1826,20,,239,172,316,113,1256,946,22,100,,,,,159,,112,66,,,,,,,100,200,,,,,,,,,,,,,,,,,,,,,,,,,,,,,,,,,,,,,,,,,,,,,,,,
BRN,BRUNEI DARUSSALAM,,,,,,,,,,,,,,,,,0,,,,,,,,,,,,,,,,,,,,,,,,,,,,,,,,,,,,,,,,,,,,,,,,,,,,,,,,,,,,,,,,,,,,,,,,,,,,,,,,,,,,,,,,,,,,,,,,,,
BGR,BULGARIA,0,,38,,3,,10,17,18,39,,,1,2,14,0,3,0,,,,0,,,1,,,,3,,,0,,0,,,,20,,,,,,,,,,,,11,,,,,,,,,,,,,,,,,,,,,,,,,,,,,,,,,,,,,107,,,,,,,,,,,,,,,,,,,,,,,,,,,,
BFA,BURKINA FASO,,2,18,0,857,398,556,1542,784,9,527,1058,,2978,,6,26,2274,4135,0,22,,,37,0,,16,0,0,0,0,237,,1091,0,241,,0,,,,,,,,434,,,0,,,,,,,,,,,,,,,,,,,,,,,,,,0,,,,,,,,,,,,,,,,,,,,,,,,,,,,,,0,,,,,,,,,,
BDI,BURUNDI,96,,,24,9,0,9,5,22,120,3,6,87,,308,86,,21,,,,,220,,,12,,,,,,,,,,,54,,,,,,,,,,,,,,,,,,,,,,,,,,,,,,,,,,,,,,,,,,,,,,,,,,,,,,,,,,,,,,,,,,,,,,,,,,,,,,
KHM,CAMBODIA,,200,14,247,8,19,,184,5,23,0,,29,56,347,63,490,28,59,,506,,50,100,,,,0,,,,,,,,,,,,,,,,,,,,,,,,,,,,,,,,,,,,,,,,,,,,,,,,,,,,,,,,,,,,,,,,,,,,,,,,,,,,,,,,,,,,,,,
CMR,CAMEROON,,0,25,639,528,109,9,8,8,44,46,20,,61,25,38,239,109,378,,6,513,731,310,118,100,41,0,1746,,37,,,,,,,,,,,,,0,,,,,,,,,,,,,,,,,,,,,,,,,,,,,,,,,,,,,,,,,,,,,,,,,,,,,,,,,,,,,,,,,,,,,,,
CAN,CANADA,0,14,0,8,0,2,0,6,1,4,0,50,2,12,11,7,31,5,10,2,0,0,17,18,8,1,2,27,0,12,0,0,0,0,0,0,,0,0,14,0,,,31,10,,,,0,26,,,33,0,,6,,,,3,83,481,,,1,,,,17,,,,,,,,,,500,,,,,0,,,27,,,,,,43,,,,50000,,,56,,,28,73,62,,33,,,18,,76,,,
CPV,CAPE VERDE IS,,,,,,9,,,,,0,,0,,,,0,,,0,245,,0,,,,0,,,,29,,3,,,,,,,,,,0,,,,,,,,,,,,,,,,,,,,,,,,,,30000,,,,,,20000,,,,,,,,,,,,,,,,,,,,24000,,,,,,,,,,0,,,,,,,,,,11000
CYM,CAYMAN ISLANDS,,,,,,,0,,,,2,,0,0,,,,,,,,,,,,,,,,,,,,,,,,,,,,,,,,,,,,,,,,,,,,,,,,,,,,,,,,,,,,,,,,,,,,,,,,,,,,,,,,,,,,,,,,,,,,,,,,,,,,,
CAF,CENTRAL AFRICAN REP,,0,0,17,3,4,0,1,,1,3,23,7,346,448,14,0,,7,0,,,56,,,,,,,,,0,,0,,,,,,,,0,,,,,,,,,,,,,,,,,,,,,,,,,,,,,,,,,,,,,,,,,,,,,,,,,,,,,,,,,,,,,,,,,,,,,,,,,
TCD,CHAD,,,108,557,263,108,22,29,72,115,144,11,,213,1209,0,0,239,94,2,,0,,1301,,,487,0,0,0,,,,3000,,,,13,,,,,,2312,,0,,,0,,,,,,,,,,,,,,,,,,,,,,,,,,0,,,,,,,,,,,,,,,,,,,,,,,,,,,,,,0,,,,,,,,,,
CHL,CHILE,28,0,8,1,562,,9,18,18,61,3,0,19,6,16,0,,44,,33,,115,0,142,0,21,0,164,39,180,127,4,0,,,30,4,15,,,32,,,85,,,0,,4,1084,4,280,,,6570,,0,,,,,15,,,,41,100,,0,,,12,5,,,30000,,,,,,,,,,,220,,,,,,1100,,,,,,,,,,,,,,,,20000,,,,,,
CHN,CHINA P REP,37,1395,802,746,7186,575,88450,1161,2109,1074,807,1092,1795,922,678,1727,4501,1633,5612,2436,3203,1565,1449,5392,1324,3161,3969,881,683,1662,144,921,551,2465,6491,41,0,,242000,10000,20000,,,,10107,3000,,,0,0,686,,,,,2002018,,560,4000,39,32050,,,4800,500,57000,2130,,,,,,30,,,500000,,,,142000,500,28000,70000,3700000,,,3000000,205000,,5000,,7200,100000,,680000,,10000,1800,,0,,,50000,100000,60000,1500000,,12000,1266,,,,,,
COL,COLOMBIA,0,98,85,313,593,53,155,218,150,180,116,91,135,99,115,1276,104,2,79,141,308,170,11,457,10,16,146,674,278,21800,0,411,120,225,40,701,,0,60,,390,225,70,251,837,0,0,61,,32,,,247,,,184,,,,,187,,,,150,1000,,,,,,,,,,,,,,,,,,,,,,,100,,,,,,,,,,,,,,,,,,,,400,,,,,,
COM,COMOROS,0,,4,,,2,,29,0,1,,0,,,,14,40,,,,,,,0,,3,,24,,2,,33,,0,,,,1,,,,,,,,,,,,,,,,,,,,,,,,,,500,,,,,,,,,,,,,,,,,,,,,,,,,,,,,,,,,,,,,,,,,,,,,,,,17,,,
COG,CONGO,,16,24,65,219,,26,0,56,17,,29,128,19,24,17,0,83,,,0,,,,,,,,,,,0,,,,,,,,,,,,,,,,154,,,,,,,,,,,,,,,,,,,,,,,,,,,,,,,,,,,,,,,,,,,,,,,,,,,,,,,,,,,,,,,,,,,
COK,COOK IS,,,,,0,0,,,,0,,,,0,,,,19,,,,,,,8,,,5,,,,,,0,,,,,,,,,,,,,,0,,,,,,,,,,,,,,,,,,,,,0,,,0,0,,,,,,,,,,,,,,,,,,,,,,,,,,,,,,,,,,,,,,,,,,
CRI,COSTA RICA,,3,8,4,27,31,11,19,,6,10,3,10,0,7,9,8,,60,0,2,12,0,48,1,,35,,,,,12,,,1,,,,0,2,,21,,,24,7,87,,,,,15,,,,,,,,,,,,,,,,,,,,,,,,,,,,,,,,,,,,,,,,,,,,,,,,,,,,,1750,,,,,,,,,,
CIV,COTE D'IVOIRE,,,,,18,27,50,30,42,40,,,77,196,,,,,28,150,,,,16,,0,,,,,,0,,,,,,,,,,,,,120,,,,,,,,,,,,,,,,,,,,,,,,,,,,,,,,,,,,,,,,,,,,,,,,,,,,,,,,,,,,,,,,,,,,,,
HRV,CROATIA,,,7,,0,,,12,0,7,,788,,0,41,,,0,0,,,,,,,,,,,,,,,,,,,,,,,,,,,,,,,,,,,,,,,,,,,,,,,,,,,,,,,,,,,,,,,,,,,,,,,,,,,,,,,,,,,,,,,,,,,,,,,,
CUB,CUBA,,2,14,,,,7,1,2,20,4,0,3,5,2,4,6,3,3,2,14,51,0,,4,,23,0,0,4,,15,24,0,3,,6,7,1,,,,,,20,,0,,5,,0,1750,,,,,,,,,,,,,,,14,,,,0,,,,,,,,,35,,,2500,,,,,,600,,,,,,,,,,,,,,,,,,,,,,,,,,
CYP,CYPRUS,,,,,,,,4,,,0,0,,,5,,52,,0,2,,,,0,,,,,,,,0,,,,,,,,,,,,,0,3,,,,,,,,,,,,,,,,40,,,,,,,,,,,,,,,,,,,,,,,,,,,,,,,,,,,,,,,,,,,,,,,,,,,,,
CZE,CZECH REP,,15,32,,23,15,2,4,6,16,,418,20,,0,,6,29,1,,,,,,,,,,,,,,,,,,,,,,,,,,,,,,,,,,,,,,,,,,,,,,,,,,,,,,,,,,,,,,,,,,,,,,,,,,,,,,,,,,,,,,,,,,,,,,,,
DNK,DENMARK,,2,,,0,,,0,,4,,,1,,,7,,,,,,,0,,1,,,,,0,,2,,9,0,,,,0,,,,,,,,,,,,,,,,,,,,,,,,,,,,,,,,,,,,,,,,,,,,,,,,,,,,,,,,,,,,,,,,,,,,,,,,,,,,
DJI,DJIBOUTI,,,,,0,,0,6,,0,51,,,0,4,,43,29,0,0,155,0,,,,10,0,,,,,0,,25,0,,0,0,,,,,,,,,,,,,,,,,,,,,,,,,,,,,,,,,,,,,,,,,,,,,,,,,,,,,,,,,,,,,,,,,,,,,,,,,,,,,
DMA,DOMINICA,,,,0,,,,2,,,0,,,3,,0,,,,2,,,,,,0,,,,,2,,,,0,40,,,,,,,,,0,,,,,,,0,,,,,,,,,,,,,,,,,,,,,,,,,,,,,,,,,2000,,,,,,,,,,,,,,,,,,,,,,,,,,,,,,
DOM,DOMINICAN REP,,0,172,12,137,32,13,175,,12,703,21,3,3,,16,347,,27,13,,30,20,10,,0,0,3,12,12,,0,,20,7,1432,0,,,,,,,,,,0,,74,0,7,400,,,,,,,,,,,,,,,,,73,,,,,,,,,,,,,,,,2000,,,,,,,,,,,,,,,,,,,,,,,,,,,,,,
ECU,ECUADOR,,24,45,7,18,3,41,,21,,,0,91,58,86,0,16,245,27,3,0,450,222,343,4,35,,5102,,0,,100,307,,8,,,0,81,0,,25,,20,49,400,,36,50,0,0,,,,,,,,,,,71,,,50,6000,,,,,,,200,,,,,,,,,,,190,,,,,,,40,,,,,,,,,,,,,,,,,,0,,0,,,,
EGY,EGYPT,,,,,58,,98,,15,,13,,18,,3,,,22,34,49,600,34,552,1,,,,30,,,,,,,,53,,,,15,,,,,,,,,,,,,,,,,,,,20,0,,,,,,,10276,,,,,,,,,,,,,,,,,,,,,12,,,,,,,,,,,,,,,,,,,,,,,,,,
SLV,EL SALVADOR,,0,,35,17,282,30,2,1,120,,304,7,1159,27,7,475,4,12,13,0,22,2,155,,10,55,,1100,,,,520,,,,,,,,,,,,,14,,,,125,,,,,,,,,,,,,,1000,,,,,,,,,,,,,,,,,2000,,,,,,,,,,,,,,,,,,,,,,,,,,,,0,,,,185,,
GNQ,EQUATORIAL GUINEA,,,,,,,,,,,15,,,,,,,,,,,,,,,,,,,,,,,,,,,,,,,,,,,,,,,,,,,,,,,,,,,,,,,,,,,,,,,,,,,,,,,,,,,,,,,,,,,,,,,,,,,,,,,,,,,,,,,,
ERI,ERITREA,,,,,,,0,,,,0,0,,,,0,,,,0,,3,,,,,,,,,,,,,,,,,,,,,,,,,,,,,,,,,,,,,,,,,,,,,,,,,,,,,,,,,,,,,,,,,,,,,,,,,,,,,,,,,,,,,,,,,,,,,
EST,ESTONIA,,,1,,,,,,3,0,,,,,,,,,,,,,,,,,,,,,,,,,,,,,,,,,,,,,,,,,,,,,,,,,,,,,,,,,,,,,,,,,,,,,,,,,,,,,,,,,,,,,,,,,,,,,,,,,,,,,,,,,
ETH,ETHIOPIA,,110,0,0,35,135,65,22,1302,285,,119,34,434,495,57,0,326,40,27,26,2,0,13,0,0,7445,367,0,1110,,300000,,990,157,,9,71,0,,,100000,,,500,24,1,,,2000,,,,0,,,,,,,,,,,,,,,,,,,,,,,,,,,,,,,,,,0,,,,,,0,,,,,,,0,0,,,,,,,0,,,,,,
FJI,FIJI,,,17,,2,14,7,7,4,0,16,17,,1,4,12,0,25,,,,21,1,,0,10,,1,20,32,,9,,0,18,53,0,,,0,,59,3,,,,,,,2,1,,,,,,0,,,,,,23,,,,,,,,,,,6,,,,,,,,,,200,,,,,,,,,,,,,,,,,,,,,,,,,,,,,,,
FIN,FINLAND,,,,,,,,,,0,,,,,,,,,,,,,,,0,,,,,,,,,,,,,,,,,,,,,,,,,,,,,,,,,,,,,,,,,,,,,,,,,,,,,,,,,,,,,,,,,,,,,,,,,,,,,,,,,,,,,,,,,,
FRA,FRANCE,6,4,12,3,81,18,5,5,1393,13,11,19512,28,17,11,146,15,23,5,16,13,16,71,20,62,9,10,27,5,6,4,55,30,0,6,11,3,26,0,,,,,,114,23,,5,,,,,,,,,35,,,,,,,,,80,,,,,,,,,,,,,,,,,,,,,,,,,,,,,,,,,,,,,,,,46,,,,,,,,,
GUF,FRENCH GUIANA,,,,,,,,,,,,,,,,,,,0,,,,,,,,,,,,,,,,,,,,,,,,,,,,,,,,,,,,,,,,,,,,,,,,,,,,,,,,,,,,,,,,,,,,,,,,,,,,,,,,,,,,,,,,,,,,,,,,
PYF,FRENCH POLYNESIA,,,,,1,,,,,,,,,,,,13,,,,,,,,,,,10,,,,7,,,,,,,,,,,,,,,,,,,,,,,,,0,,,,,,,,,,,,,,,,,,,,,,,,,,,,,,,,,,,,,,,,,,,,,,,,,,,,,,,,,,
GAB,GABON,,,1,,0,0,,0,,,1,,,50,,,,,45,,20,,,,,,0,,,,,,,,,,,,,,,,,,,,,,,,,,,,,,,,,,,,,,,,,,,,,,,,,,,,,,,,,,,,,,,,,,,,,,,,,,,,,,,,,,,,,,,,
GMB,GAMBIA THE,,2,0,,9,5,0,0,,,2,3,0,1,21,53,,120,0,,,,,,,,0,0,0,,,,,,0,,200,0,,,,0,,0,,,0,,,,,,,,,,,,,,,,,,,,,,,,,,,,0,,,,,,,,,,,,,,,,,,,,,,,,,,,,,,0,,,,,,,,,,
GEO,GEORGIA,,0,5,7,,0,,,0,0,1,,6,0,0,,,7,,1,,,1,8,,,,,,,,,,,,,,,,,,,,,,,,,,,,,,,,,,,,,,,,,,,,,,,,,,,,,,,,,,,,,,,,,,,,,,,,,,,,,,,,,,,,,,,,,,,
DEU,GERMANY,,11,6,4,8,16,8,19,23,4,2,9370,49,6,,30,3,30,0,5,13,11,1,0,64,,,,,,,,,,,,,,,,,,,,,,,,,,,,,,,,,,,,,,,,,,,,,,,,,,,,,,,,,,,,,,,,,,,,,,,,,,,,,,,,,,,,,,,,,,
DEU,GERMANY DEM REP,,,,,,,,,,,,,,,,,,,,,,,,,,,,,,0,0,,,,,,,,,,,,,,,,,,,,,,,,,,,,,,,,,,,,,,,,,,,,,,,,,,,,,,,,,,,,,,,,,,,,,,,,,,,,,,,,,,,,
DEU,GERMANY FED REP,,,,,,,,,,,,,,,,,,,,,,,,5,,,6,,,0,3,0,,,,0,2,,82,,0,,54,,,,2,,,,,,347,,,,,,,,,0,,,,,,,,,,,,,,,,,,,,,,,,0,,,0,0,,,,,0,,,,,,,,,,,,,,,,,,,,
GHA,GHANA,,23,76,121,90,40,0,56,,40,,,4,24,,76,67,26,411,145,,,,25,,7,15,,,4,103,0,,,,,,0,,,,,,0,,,0,,,,,,,,,,,,,,,,,,,,,,,,,,,,,17,,,,,,,,,,,,,,,,,,,,,,,,,,,,,,,,,,,,,,,
GRC,GREECE,0,,6,,1,0,2,88,4,,0,0,2,11,37,143,17,9,0,52,14,1,,5,4,,56,1048,20,23,0,12,,24,1,15,50,27,,,,,,,,,19,9,2,38,,,,43,,,,,48,,31,455,,,,,,,,,,,,,,,,,,,,,,,22,,103,,,,,,,,,,,,,,,,,,,,,,,,,,,,
GRD,GRENADA,,,,,0,,,,,1,39,,,,,0,,,,,,,,,0,,,,,,,,,,0,,,,,0,,,,,,,,,,,,6,,,,,,,,,,,,,,,,,,,,,,,,,,,,,,,,,,,,,,,,,,,,,,,,,,,,,,,,,,,,,,,
GLP,GUADELOUPE,,,,,0,,,0,,,1,,,,,4,0,,,0,,,,,0,5,0,,,,,,,,,0,,,0,,,,,,0,,,,25,,14,,,,,,,,0,,,,,,,,,,,,,,,,,,,,,,,,,,,,2000,,,,,,,,,,,,,,,,,,,,,,,,,,,,
GUM,GUAM,,,,,,,,,,,1,,1,,,,,0,,,,0,1,,,,,0,,,,,,,,,,,9,,,,,,,,,,,,,,6,,,,,,,,,,,,,,,,,,,,,,,,,,,,,,,,,,,,,,,,,,,,,,,,,,,,,,,,,,,,,,
GTM,GUATEMALA,,3,44,83,227,36,74,11,6,1583,,22,71,55,36,14,452,,0,31,10,,206,217,200,10,5,84,0,0,0,0,640,,,0,,,23000,,,5,,,,273,,,,,,,,,,,,,,,,,,,,40000,,,,,,,,,,,,,,,,,,,,5000,,,,,,,,,,,,2650,,,,,,,,,,,,,,,9000,,
GIN,GUINEA,84,0,105,0,8,2,0,90,129,72,100,24,23,21,194,12,12,,,,311,0,,,,,,18,,,,275,,0,,,,,,,,,,,,,,,,,,,,,,,,,,,,,,,,,,,,,,,,,,,,,,,,,,,,,,,,,,,,,,,,,,,,,,,,,,,,,,,,,
GIN,GUINEA BISSAU,,,,,2,,221,,0,399,6,0,0,,,404,3,781,961,,195,0,,,,,,69,0,,,,0,,,,0,,,,,,0,,,,,,,,,,,,,,,,,,,,,,,,,,,,,,,,0,,,,,,,,,,,,,,,,,,,,,,,,,,,,,,0,,,,,,,,,,
GUY,GUYANA,,,,,0,,0,,0,34,,,,,10,,,0,0,,,,,,,0,0,,,,,,,,,,,,,,,,,0,,,,,,,,,,,,,,,,,,,,,,,,,,,,,,,,,,,,,,,,,,,,,,,,,,,,,,,,,,,,,,,,,,,,,,,
HTI,HAITI,,6,180,39,229549,21,698,163,16,88,5422,128,35,26,16,13,190,,84,,1122,13,0,,0,0,81,33,148,,,,,,220,8,,0,,,0,,78,,,,0,,480,,100,5500,26,,,50,,,,,672,,6,,,,,,,,,,,,,,,,,2150,,,,,,,,,,,,,,,,,,,,1600,,,,,,150,,,,,,,,,
HND,HONDURAS,0,10,0,33,211,14,67,7,4,61,0,10,19,21,0,34,14617,0,8,37,151,413,,,5,10,19,,0,,0,,130,0,2,1,0,,20,,8000,2800,0,0,,0,,,,7,,,,275,,,,,,,,,,,,,,,,,,,,,,,,,,,,,,1500,,,,,,,,,,,,,,,,0,,,,,,,,,,,,,,,
HKG,HONG KONG (CHINA),,,,,1,0,2,,,0,,303,,,,2,,81,,,1,8,7,22,,12,0,10,5,2,,23,31,0,2,13,11,1,38,3,1,1,238,115,0,0,22,0,144,5,70,,183,7,60,43,,8,,,,,,,,,,2000,,,,,,,,,,11000,,,,,,,,,,,,,,100,,,,,,,,,,,,,,,,,10000,,,,,,
HUN,HUNGARY,,0,16,,1,,17,500,5,52,0,7,0,81,1,48,,0,0,,,,0,,,,,,0,,4,,,,,,,,,,,,,,300,,,,,,,,,,,,,,,,,,,,,,,,,,,,,,,,,,,,,,,,,,,,,,,,,,,,,,,,,,,,,,,,,,,,,,
ISL,ICELAND,,,,,0,,,,,,,,,,0,,,,0,34,,,,,,,0,,,,0,4,,,,,,,1,,12,0,,,,,,,,,,,,,,,,,,,,,,,,,,,,,,,,,,,,,,,,,,,,,,,,,,,,,,,,,,,,,,,,,,,,,,,,,
IND,INDIA,42,7119,599,1038,1439,2204,1808,2236,1431,4997,17737,2251,2991,21045,2817,11459,9424,2556,3230,2934,2448,11251,1252,2826,2509,2115,7424,1970,1065,4016,6084,1634,2194,1870,3896,1734,7841,14766,270,898,280,261,330,11041,1053,815,7459,4506,65,1500100,732,512,173,3457,237,621,708,187,290,2120,30,480,750,,1735,1000,500,,400,0,304,5000,1540000,,,,,,233,60100,6000,,,,,,36,685,423000,80,301242,,,,2500000,,,,300,,,,,,,,,1300000,,20000,,,,,1250000
IDN,INDONESIA,111,170,107,129,1294,1485,144,979,7421,1325,166604,534,290,587,564,162,1490,1130,402,239,609,134,2632,524,280,144,229,459,318,52,363,161,642,1007,253,1082,226,327,1354,,10,1650,0,,82,64,252,285,9264,111,,1690,,,,,8,,300,405,37,114,,1300,,,,,,,,213,,,,,17,,26,,,,6,1300,1369,,128,50,,,727,,,,,5000,,15000,,,20,,,,,5540,,400,,,,,,,
IRN,IRAN ISLAM REP,,45,319,,11,0,56,24,77,734,75,26817,291,476,90,102,211,2781,58,27,53,805,68,78,40042,100,91,867,266,1,,33,,3458,306,565,25053,1114,16,14,,,5117,,219,70,10068,,42,288,0,,12000,60,480,,191,5666,1350,,2000,1890,,225,52,,200,400,,,,,,,,,,,,,,,,,2500,3300,,,,,,,,,,,,,,,,,,,,5000,,,,,,,,,
IRQ,IRAQ,,11,4,6,,2,15,24,22,,0,0,,,,,0,0,,,,,,20,,,,,,,,,,,,,1,,,,,,,,,0,0,0,,,,,,,,,,,,,0,,,,,,,,,,,,,,,,,,,,,,,,,,,,,,,,,,,,,,,,,,,,,,,,,,,,,,
IRL,IRELAND,0,,,2,,0,,,,0,0,0,0,,3,8,2,,2,,,3,,0,2,,,0,11,,,10,,,,,,,,,,,,,,,,,,,,,,,,,,,,,,,,,,,,,,,,,,,,,,,,,,,,,,,,,,,,,,,,,,,,,,,,,,,,,,,,,,,
ISR,ISRAEL,,4,,,46,,,,,,,,,,15,0,0,15,,0,,,0,5,,,,,,,,0,,,,,,,,,,,,,20,,,,,,,,,,,,,,,,,,,,,,,,,,,,,,,,,,,,,,,,,,,,,,,,,,,,,,,,,,,,,,,,,,,,,,
ITA,ITALY,1,18,73,29,3,335,9,17,5,9,2,20092,37,2,46,1,170,36,17,,72,8,2,0,27,,,90,2,329,4,7,0,12,4689,14,6,23,934,12,,38,1,22,72,,296,,70,92,,1917,,,12,,,,,,297,100,,163,,,105,,,,26,,,,,10,,,,,,,,,1883,,,,,,,,100,,0,,,,,29980,,,,,,,75000,,700,2500,,,,,
JAM,JAMAICA,,,1,,15,,13,5,4,6,16,,13,1,0,,,,0,,4,9,,15,0,,49,9,54,7,,,,0,6,44,,0,,,,6,,,,,0,,,,,11,,,,,,,,,,,,154,,,,,,,32,,,,125,,,151,,0,,63,16,,,,,,,,,4,,,,,,57,,,,,142,,,53,,1200,,,,65,,,330
JPN,JAPAN,35,400,173,19975,180,61,29,87,62,136,359,46,7,25,32,86,57,28,20,5300,10,438,11,144,67,43,27,10,64,49,34,465,563,203,29,121,67,41,169,98,331,101,588,135,,72,171,779,358,289,311,133,71,653,179,5305,1950,1101,130,343,2253,4246,235,1249,636,617,5999,3930,2000,6158,998,2073,,,,,933,,,,3006,6064,,,0,,,5850,144,,,148344,,,,,,4000,,,269,,1000,,1379,,,41,,,,,125,18,30
JOR,JORDAN,,,,,,,,,,,,,5,,9,0,,2,,,,,15,10,,0,,9,,,,,,4,,,,,,,,,,,,,,,259,8,,25,,,,,,,,,,,,,,,,,,,,,,,,,,,,,,,,,,,,242,,,,,,,,,,,,,,,,,,,,,,,,,,,
KAZ,KAZAKHSTAN,5,,0,2,44,,1,,,0,48,3,,3,0,0,7,0,,112,,10,,,,,,,,,,,,,,,,,,,,,,,,,,,,,,,,,,,,,,,,,,,,,,,,,,,,,,,,,,,,,,,,,,,,,,,,,,,,,,,,,,,,,,,,,,,,,
KEN,KENYA,,128,73,33,261,307,112,39,395,106,143,40,101,44,50,1899,67,1318,0,,1000,,,26,44,,50,,,,0,,75,,,0,,100,,0,,,,0,,,0,,,0,0,,,,,,,,,,,,,,,,,,,,,,,,,,,,,,,,,,,,,,,,,,,,,,,,,,,,,,,,,,,,,,,,
KIR,KIRIBATI,0,,,,,,0,,,,,,,,,0,,,,,,,,,,,,,,,,,,,,,,17,,,,,3,,,,,,,,,,,,,,,,,,,,,,,,,,,,,,,,,,,,,,,,,,,,,,,,,,,,,,,,,,,,,,,,,,,,,,,,
KOR,KOREA DEM P REP,,51,147,74,20,,,610,282,193,24,,3,124,46,42,50,0,116,68,,6,,,,,,315,,,,,,,,0,,,,,,,,,,,,,,,,,,,,,,,,,,,,,,,,,,,,,,,,,,,,,,,,,,,,,,,,,,,,,,,,,,,,,,,,,,,,,,,
KOR,KOREA REP,10,,22,121,12,,10,23,46,29,24,130,225,81,61,68,503,15,104,73,28,43,5,126,194,109,25,669,33,57,213,,68,113,165,115,27,315,25,,,,747,109,67,630,18,0,95,323,210,116,290,249,,494,,485,103,,,,,,,,,,,,,,,,,,,,1104,,,,,,,,,,,,,,,,,,,,,,,,,,,,,,,,,,,,
KWT,KUWAIT,,,,,,,,,,,,0,,,,,,2,,,,,,,,,,,,,,,,,,,,,,,,,,,,,,,,,,,,,,,,,,,,,,,,,,,,,,,,,,,,,,,,,,,,,,,,,,,,,,,,,,,,,,,,,,,,,,,,,
KGZ,KYRGYZSTAN,0,,16,0,0,0,74,0,4,3,49,38,0,,11,,1,22,,,162,,58,,,,,,,,,,,,,,,,,,,,,,,,,,,,,,,,,,,,,,,,,,,,,,,,,,,,,,,,,,,,,,,,,,,,,,,,,,,,,,,,,,,,,,,,,,,,
LAO,LAO P DEM REP,,100,,48,,26,6,2,,,,,2,0,59,0,,,30,60,500,8,175,0,,,0,63,,0,14,,,0,,,31,0,,,,,,14,,0,2,,300,,,,,,,,,,,,,,,,,,,,,,,,,,,,,,,,,,,,,,,,,,,,,,,,,,,,,,,,,,,,,,,,,,
LVA,LATVIA,,,10,,,,,,40,0,,15,,21,0,6,,,,,,,,,,,,,,,,,,,,,,,,,,,,,,,,,,,,,,,,,,,,,,,,,,,,,,,,,,,,,,,,,,,,,,,,,,,,,,,,,,,,,,,,,,,,,,,,,,,
LBN,LEBANON,,,,,,,,1,,,,0,0,,,,,,,,,,25,,,,,0,,,,20,,,,,,,,,,,,,,,,,,,,,,,,,,,136,440,,,,,,,,,,,,,,,,,,,,,,,,,,,,,,,,,,,,,,,,,,,,,,,,,,,,,,,
LSO,LESOTHO,,,,26,,,0,0,,,,,0,1,28,28,,,0,,,,0,,22,0,,18,,0,,0,,,,,,,,,0,,,,,,0,,,,,,,,,,,,,,,,,,,,,,,,,,,,,,,,,,,,,,,,,,,,,,,,,,,,,,,,,,,,,,,,,,,,
LBR,LIBERIA,6,,,,1,2,0,1,,29,,0,0,,13,39,22,,56,9,,,,,0,,,,,,,0,46,,466,,,,,,,,,,,,,,,,,,,,,,,,,,,,,,,,,,,,,,,,,,,,,,,,,,,,,,,,,,,,,,,,,,,,,,,,,,,,,,,,
LBY,LIBYAN ARAB JAMAH,,16,,,,,,,,,,,,,,,,,,0,,,,,,,,,,,,,,,,,,,,,,,,,,,,,,,,320,,,,,,,,,,,,,,,,,,,0,,,,,,,,,,,,,,,,,,,,,,,,,,,,,,,,,,,,,,,,,,,,
LTU,LITHUANIA,,,30,,9,,,,0,0,,,,20,,34,,,,,,6,0,,,,,,,,,,,,,,,,,,,,,,,,,,,,,,,,,,,,,,,,,,,,,,,,,,,,,,,,,,,,,,,,,,,,,,,,,,,,,,,,,,,,,,,,,,,,
LUX,LUXEMBOURG,,,,,0,,,,,,,170,,,,,,,,0,,0,,,0,,,,,,,0,,,,,,,,,,,,,,,,,,,,,,,,,,,,,,,,,,,,,,,,,,,,,,,,,,,,,,,,,,,,,,,,,,,,,,,,,,,,,,,,,,,
MAC,MACAU,,,,,,,,,,,,0,,,,,,,,,,0,,,,,,,,,,,,,,,,,,,,,,,,,,,,,,,,,,,,,,,,,,,,,,,,,,,,,,,,,,,,,,,,,,,,,,,,,,,,,,,,,,,,,,,,,,,,,
MKD,MACEDONIA FRY,,1,1,,,,,1,0,1,15,2,0,15,0,,,,,0,,0,,,,,,,,,,,,,,,,,,,,,,,,,,,,,,,,,,,,,,,,,,,,,,,,,,,,,,,,,,,,,,,,,,,,,,,,,,,,,,,,,,,,,,,,,,,,,
MDG,MADAGASCAR,,164,112,35,120,27,125,91,4,107,395,105,694,,153,981,0,174,9,,212,,,36,,46,200,,99,,68,42,92,107,,,70,10,16,7,,,91,,70,81,29,,,,,,,,,,,,,,,,,,,,,,,,,,,,,,,,,,,,,,,,,,,,,,,,,,,,,,,,,,,,,,,,,,,,
MWI,MALAWI,,3,4,4,0,66,113,2,28,12,,12,725,1190,83,0,4,10,,1,,,0,472,0,57,,0,,,,,0,,,0,,,,,,,,,,0,,0,,,,,,,,,,,,,,,,,,,,,,,,,,,,,,,,,,,,,,,,,,,,,,,,,,,,,,,,,,,,,,,,,,,
MYS,MALAYSIA,,4,,18,,0,0,102,6,13,97,10,12,11,16,1,105,97,333,20,,102,,263,,,27,3,11,,,10,,,,,0,0,,,,,,,61,,23,50,,6,,,,,,,,,,,,,,,,,,,,,,,,,,,,,,,,,,,,,,,,,,,,,,,,,,,,,,,,,,,,,,,,,
MDV,MALDIVES,,,,4,,,,0,,,102,,,,,,,,,,,,,0,,,,0,,,,,,,,,219,,,,,,,,,,,,,,,,,,,,,,,,,,,,,,,,,,,,,,,,,,,,,,,,,,,,,,,,,,,,,,,,,,,,,,,,,,,,,,
MLI,MALI,,37,,50,0,35,0,18,10,43,0,106,35,2,15,2,3,1098,345,,,,,0,,1,64,202,0,0,1022,,,412,0,30,0,,,,,,,,,513,,,0,,,,,,,,,,,,,,,,,,,,,,,,,,0,,,,,,,,,,,,,,,,,,,,,,,,,,,,,,0,,,,,,,,,,
MHL,MARSHALL IS,0,0,,,,,0,,,,,,,,6,,,,,,,,,0,,,,,,,,,,,,,,,,,,,,,,,,,,,,,,,,,,,,,,,,,,,,,,,,,,,,,,,,,,,,,,,,,,,,,,,,,,,,,,,,,,,,,,,,,,,
MTQ,MARTINIQUE,,,,1,13,,,2,,,,,,,,0,,,0,0,,2,,,8,0,,,,,,,,,0,0,,,,,,,,,45,,,15,,,,10,,,0,,,,,,,,,,,,,,,,,,,,,,,,,,,,,,,,,,,,,,,,,,,,,,,,,,,,,,,,,,30000,,
MRT,MAURITANIA,,8,,0,0,1,,3,7,55,0,9,25,0,,1,6,0,46,0,,0,,4,,,38,35,,0,0,,5,,0,,0,,0,,,,,,,0,,,,0,,,,,,,,,,,,,,,,,,,,,,,,,0,,,,,,,,,,,,,,,,,,,,,,,,,,,,,,0,,,,,,,,,,
MUS,MAURITIUS,,11,,,,,,2,0,,,,3,,,0,,,3,,2,,,0,,1,,,,0,0,1,0,,0,5,,,,9,,,2,,,,,0,,,,,,,42,,,,,,,,,,,,,,,,,,,,,,,,,,,,,,,,,,,,,,,,,,,,,,,,,,,,,,,,,,,,
MEX,MEXICO,,223,21,125,182,32,36,58,41,88,72,70,103,26,236,724,849,567,16,299,0,103,83,88,463,43,311,18,20,9500,4,325,359,103,171,5,15,10,720,29,13,647,37,17,35,76,55,111,14,27,45,,50,436,,2988,,160,,800,100,,140,50,,1000,,,,,,0,,174,,,,,,,,,,,,60,,,,,,,,,,,,,,,,,,,,,,,,,,,,,
FSM,MICRONESIA FED STATES,,,,,,,0,,,,1,0,47,,19,,0,,,,,,,,,,,5,,,,,,,,,,,,,,,,,,,,,,,,,,,,,,,,,,,,,,,,,,,,,,,,,,,,,,,,,,,,,,,,,,,,,,,,,,,,,,,,,,,,,,,
MDA,MOLDOVA REP,,,10,,1,,3,0,13,0,,,1,,2,0,,9,,,50,,,,,,,,,,,,,,,,,,,,,,,,,,,,,,,,,,,,,,,,,,,,,,,,,,,,,,,,,,,,,,,,,,,,,,,,,,,,,,,,,,,,,,,,,,,,,,
MNG,MONGOLIA,,,,,,31,52,,,,,15,3,16,23,,,,74,,5,7,,6,36,,,,0,,,,0,,,,,,,,,,,,,,,,57,,,,,,,,,1200,,,,,,,,,,,,,,,,,,,,,,,,,,,,,,,,,,,,,,,,,,,,,,,,,,,,,,,,,
MNE,MONTENEGRO,,,1,,0,0,,0,,,,,,,,,,,,,,,,,,,,,,,,,,,,,,,,,,,,,,,,,,,,,,,,,,,,,,,,,,,,,,,,,,,,,,,,,,,,,,,,,,,,,,,,,,,,,,,,,,,,,,,,,,,
MSR,MONTSERRAT,,,,,,,,,0,,,,,,,,,32,0,0,,,,,0,11,,,,,,,,,,,,,,,,,,,,,,,,,,,,,,,,,,,,,,,,,,,,,,,,,,,,,,,,,,,,,0,,,,,,,,,,,,,,,,,,,,,,,,,,,,
MAR,MOROCCO,0,,0,,42,29,39,,17,1,628,35,80,15,6,0,,60,39,791,,,,,,,31,0,,,0,0,1,,,16,,0,,10,,,,0,11,,,,200,75,76,169,,,12000,,,,,,30,,,131,,,,,,,,,,,,,,,,,,,,,,,,,,,,,,,,,,,,,,,,,,100,,,,,,,,,
MOZ,MOZAMBIQUE,,121,33,36,49,198,238,142,31,16,,217,29,86,843,23,296,672,11,,240,,587,0,694,2,100,50,,8,109,189,,100000,10,0,44,303,,1,,,,500,,,,0,,,,,,,,,,,107,,,,,,,,,,,,,,,,,,,,,,,,,,,,,,,,,,,,,,,,,,,,,,,,,,,,,,,,
MMR,MYANMAR,,23,40,225,113,24,138366,35,59,17,307,,21,51,,22,,68,,51,17,,5,23,,,,,,,,10,11,8,,0,0,3,0,200,0,,,,90,,1070,278,,134,,0,,,,,,,,,,,,,,,,,,,,,,15,,,,,1000,,,,,,536,,,,2700,,,6,,,,,,,,,,,,,,,,,,,,,600,,
NAM,NAMIBIA,,17,0,108,8,92,51,14,15,,0,2,0,134,14,,0,,,0,,,,0,,,100,,,,,,0,,,,,,,,,,,,,,,,,,,,,,,,,,,,,,,,,,,,,,,,,,,,,,,,,,,,,,,,,,,,,,,,,,,,,,,,,,,,,,,,,,
NPL,NEPAL,16,244,86,182,223,459,115,214,157,51,185,287,564,170,463,352,495,104,926,446,,1076,696,1391,180,49,912,188,23,46,200,207,92,750,100,0,130,,150,125,,,105,,371,,276,17,80,,0,1150,,,,,,,,,60,,,,,,,,,,,,,,,,,,,,9040,,,,,,,,,,,,,,,,,,,,,,,,,,,,,,,,,,
NLD,NETHERLANDS,,2,1,,0,,0,7,1000,0,,965,4,,,13,0,2,,1,0,1,0,,20,,,,0,0,0,,,,,,,,0,,,,0,,,,,,,,,,,,,,,,,,,2000,,,,,,,,,,,,,,,,,,,,,,,,,,,,,,,,,,,,,,,,,,,,,,,,,,,,,
NLD,NETHERLANDS ANTILLES,,,,,,,,,,,,,,,,,,,,2,,,,,,11,,,,,,,,,,,,,,,,,,,,,,,,,,,,,0,,,,,,0,,,,,,,,,,,,,,,,,,,,,,,,,,,,,,,,,,,,,,,,,,,,,,,,,,,,,,
NCL,NEW CALEDONIA,,,,,,,,,,,,2,,,,0,,,,,,,,,,2,,,,,,,,4,,,,,0,0,,,3,,,0,0,,,,,,,,,1,,,,1,,,,2,,,2,,,,,,,,,3,,,,,,,,,,,,,,,,,,,,,,,,,,,,,,,,,,,,,,,
NZL,NEW ZEALAND,,0,3,182,0,,,0,0,0,4,2,0,0,0,0,0,3,1,0,0,,0,0,,0,7,1,1,4,0,0,,0,0,0,0,0,0,,,,,,,,53,,,,,,,,,,,,,,,150,,,,,,,,,,,,,,,21,,,,,,,256,,17,,,,,,,,,,,6700,,,,,,,,,,,,,,,,,,
NIC,NICARAGUA,1,30,9,17,87,8,30,198,,7,29,,2,16,9,11,3339,0,44,56,0,37,180,2,4,,130,,,,,,71,,0,0,,,16,,,,10000,35,,0,0,53,,,,,,,325,,,,,,,,,500,,,,,,,,,,,,,,,,,,,,1000,,,,,,,,,,,,,,,,,,,,,,,,,1000,,,,,,
NER,NIGER,,32,188,64,108,172,180,7,66,44,154,202,320,577,192,63,0,262,882,3022,60,,,2842,0,186,20,0,0,,0,,,,0,,,,,,0,,,,319,2,,,0,,,,,,,,,,,,,,,,,,,,,,,,,,0,,,,,,,,,,0,,,,,,,100000,,,,,,,,,,0,,,85000,,,,0,,,0,,,
NGA,NIGERIA,,19,388,879,549,1732,178,291,40,779,266,16,315,744,135,705,54,,5539,,30,,118,7689,60,29,130,530,1073,0,,0,,,,,100,,,,,,,,,2000,,,,,,,,,,,,,,,,,,,,,,,,,,,,,,,,,,,,,,,,,,,,,,,,,,,,,,,,,,,,,,,,,,,,,
NIU,NIUE,,,,,,,,,,,1,,,,,1,,,,,,,,,0,,,,,,,,,,,,,,,,,,,,,,0,,,,,,,,0,0,,,,,,,,,,,,,,,,,,,,,,,,,,,,,,,,,,,,,,,,,,,,,,,,,,,,,,,,,,,
MNP,NORTHERN MARIANA IS,,,,,,,,,,,3,,0,,,,,,,,,,,,,,,,,,,,,,,,,,,,,,,,,,,,,,,,,,,,,,,,,,,,,,,,,,,,,,,,,,,,,,,,,,,,,,,,,,,,,,,,,,,,,,,,,,,,,,
NOR,NORWAY,,,,4,,,0,,,0,,,,0,0,,,,,1,,0,0,,0,,,,,,,,,,,,,,,,,,,,,,,,,,,,,,,,,,,,,,,,,,,,,,,,,,,,,,73,,,,,,,,,,,,,,,,,,,,,,,,,,,,,,,,,,,,
OMN,OMAN,,,,14,16,,,76,,,,30,7,,,,,,,,,,,,,,,,,,,,,26,,,,107,,,,,,,,,,,,,,,,,,,,,,,,,,,,,,,,,,,,,,,,,,,,,,,,,,,,,,,,,,,,,,,,,,,,,,,,,,,,,
PAK,PAKISTAN,,730,671,511,2186,102,249,911,513,74204,31,529,213,257,133,446,1109,362,187,1063,352,682,1541,872,40,20,282,,11,5,43,158,68,394,93,83,393,848,338,14,4700,474,,,,,37,32,,10000,450,,,,,148,,75,270,,346,111,,,2900,,,,,4000,0,,,,,0,,,,60000,,,,,,,,,0,,,,,,,,,,,,,,,,,,,,,,,,,,
PLW,PALAU,,0,,,,,,,,,,,,,,,,,,,,,,,,,,,,,,,,,,,,,,,,,,,,,,,,,,,,,,,,,,,,,,,,,,,,,,,,,,,,,,,,,,,,,,,,,,,,,,,,,,,,,,,,,,,,,,,,,
PSE,PALESTINE (WEST BANK),,6,0,,0,,0,,,,,,,,,,,,,,,,,,,,,,,,,0,,,,,,,,,,,,,,,,,,,,,,,,,,,,,,,,,,,,,,,,,,,,,,,,,,,,,,,,,,,,,,,,,,,,,,,,,,,,,,,,,,,
PAN,PANAMA,,0,6,0,15,0,28,2,11,3,16,2,5,0,1,1,3,,,2,,,69,85,,,30,,2,,1,0,,,,,19,,,,,7,0,,48,,,,20,,1,,,,,,,,,,,,,,,,,,,,,,,,,,,,,,,,,,,,,,,,,,,,,,,,,,,,,,,,,,,,,,,,
PNG,PAPUA NEW GUINEA,,0,65,0,,211,10,172,16,2,0,13,183,0,2,2,2296,92,42,,5,68,0,200,0,,76,1,0,0,,66,,,0,13,,,,,,,0,100,15,,,,,,,,,,0,,,0,,,,,,3000,,,,,,,,,,,,,,506,,,,,,,11,,,,,,,,,,,,,,,,,,,,,,,,,,,,,,
PRY,PARAGUAY,,0,5,44,12,8,12,8,17,0,0,,0,,8,12,55,33,,0,,,0,,0,,0,,,,,76,0,,,0,,,,,,,,0,,,,,0,6,,0,,,,,,,,,,,,,,,,,,,,,,,,,,,,,,,,,,,,,,,,,,,,,,,,,,,,,,,,,,,,,,,
PER,PERU,0,69,299,109,510,577,40,677,0,5,101,361,82,186,33,115,61,819,21,20,85,86,690,9815,294,38,348,268,118,150,7,623,535,158,77,13,2,47,,,388,500,12,850,66826,150,11,25,120,60,,,2101,,57,,28,,,,,7,,,213,,,233,1400,,,200,,5000,249,,,,,,,,,,,,,,,,,,,,,,,,,,,150,,,,,,,,,,,,,
PHL,PHILIPPINES,85,8382,2415,1989,1113,1307,959,129,2984,39,1950,352,320,630,748,380,806,67,113,1725,418,671,250,6793,3351,521,842,1094,179,567,2679,158,596,1552,264,62,709,204,6405,39,297,363,1088,246,3816,11,353,307,18,392,636,1,197,,703,29,,89,129,544,13,,1014,1312,84,1000,27,,260,,,,,,73,,305,231,517,,85,,147,0,,,,,,,,,,,,,100,,,,,,0,1335,,,,,,240,,,,,
POL,POLAND,17,29,198,26,219,307,84,19,0,193,0,,192,297,84,157,73,105,,,1,,35,,0,,,0,,,,0,0,,0,,,0,,,,,,,,,,,,,,,,,,,,,,,,,,,,,,,,,,,,,,,,,,,,,,,,,82,,,,,,,,,,,,,,,,,,,,,,,,,,,,
PRT,PORTUGAL,0,10,,,46,0,2,,41,15,2,2710,1,6,4,,,29,10,,,,,0,,0,,,15,14,,19,,30,,23,,,,,,11,,,,,,462,,,,,,,,,,,,,,,,,,,,,,,,,,,,,,,,,,,,,,,,,,,,,,,,,,,,,,,,,,,,,,,,,,,
PRI,PUERTO RICO,,,0,1,,,,1,,,2,2,,2,,1,0,,18,1,0,,18,,,0,,,,600,,,,26,,3,,,,26,,,,,60,,,,,,,,,,0,,,,,,,,,,,,,,,,,,,,,,,,,,,,225,,,,300,,,,,,,,,,116,,,,,,,,,,,,,,,,,,
REU,REUNION,,,,,,,,2,,0,,,0,,2,,,,,,,14,,,,10,,10,,,0,,,,25,,,0,,,,,,,,,,,,,,,,,,,,,,,,,,,,,165,,,,,,,,,,,,,,,,,,,,,,,,,,,,,,,,,,,,,,,,,,,,,,,,
ROU,ROMANIA,13,9,86,,78,65,5,80,145,95,49,3,19,17,29,34,111,32,16,2,2,3,,108,9,,,,,,0,0,,,,,,1641,,60,,,,,215,,,,,,,,,,,,,,,,,,,,,,,,,0,,,,,980,,,,,,0,,,,,,6,,1000,,,,,,,,,,0,,,0,0,,,,0,,,,,,,,
RUS,RUSSIA,,4,415,1,55844,,13,2,116,31,36,3,631,798,284,208,94,38,23,2379,111,478,31,,,,,,,,,,,,,,,,,,,,,,,,,,,,,,,,,,,,,,,,,,,,,,,,,,,,,,,,,,,,,,,,,,,,,,,,,,47,,,,,,,,,,,,,,,,,,
RWA,RWANDA,,,5,14,21,,36,30,59,,4,0,197,12,10,76,55,,10,,,,,32,,237,48,,,,0,,,,,,17,,0,,0,,,,,,,,,,,,,,,,,,,,,,,,,,,,,,,,,,,,,,,,,,,,,,,,,,,,,,,,,,,,,,,,,,,,,,,,,,
WSM,SAMOA,,,12,,,143,,,,9,1,,,0,,,,,,,,,,13,8,0,,,,,,0,,,,,,,,,,,,,,,0,,10,,250,,,,,,,,,,,,,,,,,,,,,,,,,,,,,,,,,,,,,,,,,,,,,,,,,,,,,,,,,,,,,,,,
STP,SAO TOME ET PRINCIPE,,,,,,,,,,,,,,,,,,,,,,,,,,31,,,150,,,0,,,,,,,,,,,,,,,,,,,,,,,,,,,,,,,,,,,,,,,,,,,,,,,,,,,,,,,,,,,,,,,,,,,,,,,,,,,,,,,,,,,
SAU,SAUDI ARABIA,,39,19,11,24,161,,,,63,5,12,19,35,133,,,,,,,,,,,,,,,32,,,0,,,,,,,,,,,,,,,,,,20,,,,,,,,,,,,,,,,,,,,,,,,,,,,,,,,,,,,,,,,,,,,,,,,,,,,,,,,,,,,,,,,
SEN,SENEGAL,,8,19,0,2,6,1,24,,303,8,8,46,,0,187,372,,,188,0,0,,,,,0,0,0,300,0,0,0,,,0,5,0,,,,,,,,0,,,0,60,,,,,,,,,,,,,,,,,,,,,,,,,0,,,,,,,,,,,,,,,,,,,,,,,,,,,,,,0,,,,,,,,,,
SRB,SERBIA,0,0,25,,9,0,,0,,,,,,,,,,,,,,,,,,,,,,,,,,,,,,,,,,,,,,,,,,,,,,,,,,,,,,,,,,,,,,,,,,,,,,,,,,,,,,,,,,,,,,,,,,,,,,,,,,,,,,,,,,,
SRB,SERBIA MONTENEGRO,,,,,,,,,3,2,,,1,0,3,11,,,,,,,1,,,,,,,,,,,,,,,,,,,,,,,,,,,,,,,,,,,,,,,,,,,,,,,,,,,,,,,,,,,,,,,,,,,,,,,,,,,,,,,,,,,,,,,,,,,,
SYC,SEYCHELLES,0,0,,,,,,,0,,3,,0,,,,,5,,,,,,,,,,,,,,,,,,,,,,,,,,,,,,,,,,,,,,,,,,,,,,,,,,,,,,,,,,,,,,,,,,,,,,,,,,,,,,,,,,,,,,,,,,,,,,,,,
SLE,SIERRA LEONE,1,0,300,21,16,103,170,0,,20,66,10,,12,38,146,55,51,238,,,,,,,,,,,352,60,,,,,,,,,1,,,,,,,,,,,,,,,,,,,,,,,,,,,,,,,,,,,,,,,,,,,,,,,,,,,,,,,,,,,,,,,,,,,,,,,,,,,
SGP,SINGAPORE,,,,,,,,,,,,33,,,2,1,,,,,,,,,,,,,,,,,,,,,,,,,,,,,,,,,,,,,,,,,,,,,,,,,,,,,,,,,,,,,,,,,,,,,,,,,,,,,,,,,,,,,,,,,,,,,,,,,,,
SVK,SLOVAKIA,,1,5,,126,,,1,1,1,3,0,0,1,6,2,54,0,,,,,,,,,,,,,,,,,,,,,,,,,,,,,,,,,,,,,,,,,,,,,,,,,,,,,,,,,,,,,,,,,,,,,,,,,,,,,,,,,,,,,,,,,,,,,,,,,
SVN,SLOVENIA,1,,0,,,,,6,,0,1,289,,,,,0,,,,,,,,,,,,,,,,,,,,,,,,,,,,,,,,,,,,,,,,,,,,,,,,,,,,,,,,,,,,,,,,,,,,,,,,,,,,,,,,,,,,,,,,,,,,,,,,,,
SLB,SOLOMON IS,22,13,0,0,2,21,0,52,,,,0,0,,,,0,0,,,,4,0,,,,1,,101,0,,,0,,,2,,34,,200,,,,0,,,1,12,3,,,,,,,,,,200,,,,,,,,,,,,,,,,,12,,,,,,,,50,,,,,,,,,,,,,,,,,,,,,,,,,,,,,,,
SOM,SOMALIA,,169,31,0,11,0,13,1158,246,27,298,1,93,33,709,15,481,2811,250,20,230,,,,,34,0,600,1307,1262,,0,,5,0,,,0,,,19000,,,,,0,,,,0,50,,,200,,,,,,,,,,,,,,,,,,,,,,,,,,,,,,,,,,,,,,,,,,,,,,,,,,,,,,,,,,,,,
ZAF,SOUTH AFRICA,32,3,13,46,40,33,115,48,12,2,5,2,126,50,275,57,43,15,98,207,2,19,,5,12,,33,515,0,,64,10,17,104,0,,26,4,,,26,,,,,9,0,,,,0,,,,,51,,,,,,,35,,,,,,,,,,,,,,,,,,,,,,,,,,,,,,,,0,,,,,,,,,,,,,,,,,,,,
SSD,SOUTH SUDAN,,99,47,,,,,,,,,,,,,,,,,,,,,,,,,,,,,,,,,,,,,,,,,,,,,,,,,,,,,,,,,,,,,,,,,,,,,,,,,,,,,,,,,,,,,,,,,,,,,,,,,,,,,,,,,,,,,,,,
ESP,SPAIN,3,0,14,11,5,20,,6,25,20,29,15095,6,12,38,6,0,26,85,30,42,,,0,9,45,,5,,40,26,45,77,0,0,20,2,,,,,519,0,400,,,,,,,,,445,,,,,77,11,,,50,,,,,,,,,,,,,,,,,,,,,,,,,,,,,,,,,,,,,,,,,,,,,,,,,,,,,
LKA,SRI LANKA,,117,53,254,35,349,57,33,25,6,35493,235,2,0,12,7,3,46,0,3,0,73,15,27,33,325,0,53,43,0,51,3,54,7,0,0,750,27,,,27,,,,,62,,26,23,,206,,,,,,,200,,,,,,,,,,,,,,,,,,,,,,,,,,,,,,,,,,,,,,,,,,,,,,,,,,,,,,,,,
SHN,ST HELENA,,,,,,,,,,,,,,0,,,,,,,,,,,,,,,,,,,,,,,,,,,,,,,,,,,,,,,,,,,,,,,,,,,,,,,,,,,,,,,,,,,,,,,,,,,,,,,,,,,,,,,,,,,,,,,,,,,,,
KNA,ST KITTS AND NEVIS,,,,,,,,,,,,,,,,0,5,,,0,,,,,0,1,,0,,,0,,,,,,,,,,,,,,,,,,,,,,,,,,,,,0,,,,,,,,,,,,,,,,,,,,,,,,,,,0,,,,,,,,,,,,,,,,,,,,,,,,,,,,
LCA,ST LUCIA,,6,,,10,,,1,,,0,,,,,0,,,0,,4,,,,,,45,0,0,,,0,,,27,,,,,,,,,,,,,0,,,,10,,,0,,,,,,,,,,,,,,,,,,,,,,,,,,,,,,,,,,,,,,,,,,,,,,,,,,,,,,,,,,,,
VCT,ST VINCENT AND THE GRENADINES,,13,,0,0,,,,,0,0,,4,,,0,,,,,,,3,,,,,0,0,,,,,,0,2,,0,,,,,,0,,,,2,,,,,,,,,,,,122,,,,,,,,,,,,,,,,,,,,,,,,,,,,,,,,,,,,,,,,,,,,,,,,,,,,,1565,,
SDN,SUDAN,,76,206,20,36,20,32,734,1169,655,98,47,82,3,186,395,3269,8,852,,8,24,,12,0,,2866,60,0,,,150000,,,0,,34,,150,0,,,,,,,,,0,0,,,,,,,,,,,,,,,0,,,,,,,,,,1500,,,,,,,,,,,,,,,,,,,,,,,,,,,,,,,,,,,,,,,,
SUR,SURINAME,,,,,,,2,,3,,,,,,,,,,,,,,,,,,,,,,,,,,,,,,,,,,,,,0,,,,,,,,,,,,,,,,,,,,,,,,,,,,,,,,,,,,,,,,,,,,,,,,,,,,,,,,,,,,,,,,,,,,,
SWZ,SWAZILAND,,,,,,,0,2,1,0,,,,0,32,,,,80,,,,30,,0,,,,,,53,500,,,,,,,,,,,,,,,,,,,,,,,,,,,,,,,,,,,,,,,,,,,,,,,,,,,,,,,,,,,,,,,,,,,,,,,,,,,,,,,,,,,
SWE,SWEDEN,,7,,,,,,,,7,,0,1,,,3,,,,,,,,,0,,,,,11,,,,,,,,13,0,,,,,,,,,,,,,,,,,,,,,,,,,,,,,,,,,,,,,,,,,,,,,,,,,,,,,,,,,,,,,,,,,,,,,,,,,,,,
CHE,SWITZERLAND,,0,11,0,0,0,,1,1,6,,1039,5,0,16,45,0,0,,,0,2,,,5,,0,1,0,0,0,0,0,,,,,0,0,13,,,,,30,,20,,,90,,,,,,,,,,,,,,92,,,,,,,,,,,,,,,,,,,,,,,,,,,,,,,,,,,,,,,,,,,,,,,,,,,
SYR,SYRIAN ARAB REP,,,,,,,0,,6,,5,,80,27,,0,,,,,,,,,,,,,,,,,,,,,,88,,,0,,,,,,,0,,,,,,,,,,,,,,,,,,,,,,,,,,,,,,,,,,,,,,,,,,,,,,,,,,,,,,,,,,,,,,,,,,,
CHN,TAIWAN (CHINA),,10,20,,34,630,54,18,8,33,79,40,12,195,103,2265,70,54,65,,45,,8,33,5,13,,61,92,,31,82,,26,,,,106,,,,,,,,269,,69,36,55,107,,107,106,199,1046,31,,,,,67,,100,,,,,,,,,,,,,,,,6110,,,,,,,,,,,1000,,,,,,,,,,,,,1000,,,,,7300,,,,,,
TJK,TAJIKISTAN,15,0,3,0,96,21,0,49,25,24,0,7,35,1,0,30,62,208,0,0,0,5,1601,,0,,,,,,,,,,,,,,,,,,,,,,,,,,,,,,,,,,,,,,,,,,,,,,,,,,,,,,,,,,,,,,,,,,,,,,,,,,,,,,,,,,,,,,,,,,
TZA,TANZANIA UNI REP,29,,10,37,,50,73,119,70,9,10,0,20,43,74,56,2522,2412,0,3,35,54,,574,389,10,0,90,0,10,0,163,0,,12,0,0,500,,,25,,,,,,40,0,,,4,,,,,,,,,,,,,,,,,,,,,,,,,,,,,,,,,,,,,,,,,,,,,,,,,,,0,,,0,,0,,,,,,,0,
THA,THAILAND,63,84,0,923,260,15,39,53,280,86,8389,18,190,222,198,22,,212,100,258,130,45,6,55,36,458,664,24,42,18,17,50,,55,57,,146,100,,239,,,,,,,,,6,,,,769,,,,,,,500,,,,,,,,,,,,,,,,,,,,,,,,,,,,,,,,,,,,,,,,,,,,,,,,,,,,,,,
TLS,TIMOR-LESTE,2,,,,,,,1,0,22,,3,,1,,,,,,,,,,,,,,,,,,,,,,,,,,,,,,,,,,,,,,,,,,,,,,,,,,,,,,,,,,,,,,,,,,,,,,,,,,,,,,,,,,,,,,,,,,,,,,,,,,,,,
TGO,TOGO,,7,,,82,0,12,41,0,,,40,95,235,,0,239,,360,3,0,,,,,0,50,,,,,0,,,,,,,,,,,,0,,,,,0,,,,,,,,,,,,,,,,,,,,,,,,,,,,,,,,,,,,,,,,,,,,,,,,,,,,,,,,,,,,,,,,,,
TKL,TOKELAU,,,,,,,,,,0,,,,,,,,,,,,,,,0,,,0,,,,,,,,,,,,,,,,,,,,,0,,,,,,,,,,,,,,,,,,,,,,,,,,,,,,,,,,,,,,,,,0,,,,,,,,,,,0,,,,,,,,,,,,,,
TON,TONGA,1,,,0,,9,,,,,0,,,0,,,0,0,,,,,,,1,,,,,,,,7,,,,,1,,,,3,,,,,,,,,,,,2,,,,,,,,,,,,,,,0,,,,,,,,,,,,,,,,,,,,,,,,,,,,,,,,,,,,,,,,,,,,,,
TTO,TRINIDAD AND TOBAGO,,,,,0,,,,,0,3,,,,,,,0,0,,,5,,,0,,,,,,,,,,,,,,,,2,,,,,,,,,,,24,,,,,,,,,,,,,,,,,,,,,,,,,,,,,,13,,,,,,,,,,,,,,,,,,,,,,,,,,,,,,,,,
TUN,TUNISIA,,,,,,17,,16,,,,12,,,,,,,,,,,,,37,,0,,23,,,,117,,,0,,0,,,,111,,,,540,,,,,49,,40,,,,,13,,,,,,,,,,,,,,,,,,,,,,,,,,,,,,,,,,,,,,,,,,,,,,,,,,,,,,,,,
TUR,TURKEY,,7,13,655,64,62,2,19,83,41,85,186,90,50,16,17982,239,,0,231,30,135,914,43,69,,77,41,15,13,6,1346,,10,115,,0,30,3913,2385,33,,30,935,1086,41,274,183,2408,461,42,,97,,,,,175,138,,,1200,80,54,,437,592,,839,,3986,2824,7000,,37,33065,149,,,,,,,,,,50,,,,,,,,,,,,,,,,923,,,,,,,,,6000,,,
TKM,TURKMENISTAN,,,,,,,,,,,,,,,11,,,,,,,0,,,,,,,,,,,,,,,,,,,,,,,,,,,,,,,,,,,,,,,,,,,,,,,,,,,,,,,,,,,,,,,,,,,,,,,,,,,,,,,,,,,,,,,,,,,,,
TCA,TURKS AND CAICOS IS,,,,,,,4,,,,0,,,,,,,,,,,,,,0,,,,,0,,,,,,,,,,,,,,,,,,,,,,,,,,,,,,,,,,,,,,,,,,,,,,,,,,,,,,,,,,,,,,,,,,,,,,,,,,,,,,,,,,,,,
TUV,TUVALU,,,,0,,,,,,,,,,,,,,,,,,0,,,0,,,0,,,0,,,,,,,,,,,,6,,,,,,,,,,,,,,,,,,,,,,,,,,,,,,,,,,,,,,,,,,,,,,,,,,,,,,,,,,,,,,,,,,,,,,,,
UGA,UGANDA,,41,174,50,436,17,77,165,206,21,3,60,96,26,259,252,30,120,20,,7,,50,100,197,156,0,0,27,,,,3,,,0,,,,,,,,,,,,0,104,,,,,,,,,,,,,,,,,,,,,,,,,,,,,,,2000,,,,,,,,,,,,,,,,,,,,,,,,,,,,,,,,,,200000,
UKR,UKRAINE,,2,195,,6,32,38,0,803,0,,0,,9,10,,18,11,0,204,71,9,0,,,,,,,,,,,,,,,,,,,,,,,,,,,,,,,,,,,,,,,,,,,,,,,,,,,,,,,,,,,,,,,,,,,,,,,,,,,,,,,,,,,,,,,,,,,,
GBR,UNITED KINGDOM,5,772,8,,0,8,8,27,,11,0,301,15,11,16,11,40,15,5,9,7,4,,48,83,13,,20,0,34,48,5,,12,,,,6,0,,,,0,,,,20,,140,,,,,,,,,,,,,,4034,,,,,,,,,,,,,,,,,,,,,,,,,,,,,,,,,,,,,,,,,,,,,,,,,,,,
USA,UNITED STATES,169,212,318,809,138,145,303,333,326,1973,219,210,443,153,162,485,366,252,360,879,275,542,96,132,214,259,27,239,62,375,1145,332,514,60,1398,186,242,231,139,102,352,128,903,223,37,830,159,275,552,577,423,379,158,146,111,99,139,469,243,546,223,468,295,110,305,95,97,308,198,196,511,0,,,59,,800,137,1848,408,,156,372,,,,1836,333,268,752,,,,,224,500,1150,,,531,,732,,,30,463,,,2298,,,348,,,6000
URY,URUGUAY,,,,,4,12,,2,,7,0,0,2,0,7,1,1,1,,,,0,0,0,,,,,0,,,,,,,,,,,,,,,,,,,8,,,,,,,,,,,,,,,,,,,,,,,,,,,,,,,,,,,,,,,,,,,,,,,,,,,,,,,,,,,,,,,,,,,
UZB,UZBEKISTAN,,,,13,,,,,,0,,,,,0,24,40,,,,,,10,,,,,,,,,,,,,,,,,,,,,,,,,,,,,,,,,,,,,,,,,,,,,,,,,,,,,,,,,,,,,,,,,,,,,,,,,,,,,,,,,,,,,,,,,,,,
VUT,VANUATU,12,,,0,,0,0,,0,0,2,,0,2,,44,0,100,,,0,4,2,,0,,1,48,,9,,,,0,,0,,0,,0,,,4,,,,,,,,,,,,,0,,,,,,,,100,,,,,,,,,,,0,,,,,,,,,,,,,,,,,,,,,,,,,,,,,,,,,,,,,,,,
VEN,VENEZUELA,,,0,17,49,0,8,,0,97,40,1,4,,15,30005,,83,0,0,44,100,32,18,74,37,77,136,3,38,,,,35,0,,,,,,,,,1,,,,240,,,,,30,,,,,,,,,,,,100,,,,,,,,,,,,,,,,,,,,,,,,,,,,,,,,,,,,,,,,,,,,,,,,,,
VNM,VIET NAM,,200,72,138,221,356,411,353,579,324,231,148,147,392,592,799,647,3692,1056,269,361,270,287,492,384,959,157,123,600,891,188,734,70,,402,,74,0,,,,100,,112,237,,,,31,,7998,,,,,,,,56,,,1000,,,,,,,,,,,,,,,,,,,,,,,,,,,,,,,,,,,,,,,,,,,,,,,,,,,,,
VGB,VIRGIN IS (UK),,,,,,,,,,,,,,,,,,,0,0,,,,,,,,,,,,,,,,,,,,,,,,,,,,,,,,,,,,,,,,,,,,,,,,,,,,,,,,,,,,,,,,,,,,,,,,,,,,,,,,,,,,,,,,,,,,,,,
VIR,VIRGIN IS (US),,,,,,,,,,,0,,,,,3,0,,,7,,,,,,0,,,,,,,,,,,,,,,,,,,,,,,,,,,,,,,,,,,,,,,,,,,,,,,,,,,,,,,,,,,,,,,,,,,,,,,,,,,,,,,,,,,,,,,,,
WLF,WALLIS AND FUTUNA IS,,,0,,,,,,,,,,,,,,,,,,,,,,,,,,1,,,,,,,,,,,,,,,,,,,,0,0,,,,,,,,,,,,,,,,,,,,,,,,,,,,,,,,,,,,,,,,,,,,,,,,,,,,,,,,,,,,,,,,,
YEM,YEMEN,,40,,,22,11,90,99,30,87,,15,53,63,32,0,70,,345,,,31,,10,,,,,,,,,,,,,,,,,,,,,,,,,,,,,,,,,,,,,,,,,,,,,,,,,,,,,,,,,,,,,,,,,,,,,,,,,,,,,,,,,,,,,,,,,,,
ZMB,ZAMBIA,,0,2,0,9,118,177,19,5,21,2,183,,16,163,462,0,,,0,,,0,0,85,0,,,0,,,0,51,,,0,11,,,,,,,,,,,,,,,,,,,,,,,,,,,,,,,,,,,,,,,,,,,,,,,,,,,,,,,,,,,,,,,,,,,,,,,,,,,,,,
ZWE,ZIMBABWE,3,125,,45,8,55,4276,94,,87,,50,4,13,182,52,58,,1311,,,,258,0,,,,,,,,,0,,,,,,,11,,,,,,,,,,,,,,,,,,,,,,,,,,,,,,,,,,,,,,,,,,,,,,,,,,,,,,,,,,,,,,,,,,,,,,,,,,,
